,name,workshop_date,position,text_length,num_upvotes,talker,quarter
0,zeyuxu1997,2019-10-10,0,23,16,Greene,F
1,ShuyanHuang,2019-10-10,1,27,17,Greene,F
2,liu431,2019-10-10,2,31,30,Greene,F
3,Leahjl,2019-10-10,3,23,12,Greene,F
4,wanitchayap,2019-10-10,4,82,19,Greene,F
5,KenChenCompEcon,2019-10-10,5,31,8,Greene,F
6,ruixili,2019-10-10,6,48,21,Greene,F
7,YuxinNg,2019-10-10,7,46,8,Greene,F
8,HaowenShang,2019-10-10,8,35,13,Greene,F
9,YanjieZhou,2019-10-10,9,45,6,Greene,F
10,romanticmonkey,2019-10-10,10,89,13,Greene,F
11,yutianlai,2019-10-10,11,34,8,Greene,F
12,jsgenan,2019-10-10,12,25,9,Greene,F
13,sunying2018,2019-10-10,13,43,15,Greene,F
14,ydeng117,2019-10-10,14,57,3,Greene,F
15,nswxin,2019-10-10,15,85,19,Greene,F
16,vinsonyz,2019-10-10,16,44,4,Greene,F
17,di-Tong,2019-10-10,17,49,5,Greene,F
18,SixueLiu96,2019-10-10,18,45,7,Greene,F
19,chiayunc,2019-10-10,19,84,23,Greene,F
20,timqzhang,2019-10-10,20,70,17,Greene,F
21,bakerwho,2019-10-10,21,26,5,Greene,F
22,goldengua,2019-10-10,22,31,2,Greene,F
23,nwrim,2019-10-10,23,70,14,Greene,F
24,skanthan95,2019-10-10,24,22,3,Greene,F
25,Yilun0221,2019-10-10,25,19,2,Greene,F
26,tonofshell,2019-10-10,26,35,3,Greene,F
27,dongchengecon,2019-10-10,27,46,1,Greene,F
28,chun-hu,2019-10-10,28,56,3,Greene,F
29,boyangqu,2019-10-10,29,27,0,Greene,F
30,anqi-hu,2019-10-10,30,44,1,Greene,F
31,ChivLiu,2019-10-10,31,71,2,Greene,F
32,fulinguo,2019-10-10,32,32,1,Greene,F
33,lulululugagaga,2019-10-10,33,27,2,Greene,F
34,MegicLF,2019-10-10,34,45,1,Greene,F
35,wu-yt,2019-10-10,35,18,2,Greene,F
36,yongfeilu,2019-10-10,36,62,2,Greene,F
37,bjcliang-uchi,2019-10-10,37,31,3,Greene,F
38,rkcatipon,2019-10-10,38,51,2,Greene,F
39,policyglot,2019-10-10,39,73,6,Greene,F
40,WMhYang,2019-10-10,40,55,6,Greene,F
41,AllisonXiong,2019-10-10,41,120,6,Greene,F
42,SoyBison,2019-10-10,42,67,1,Greene,F
43,anuraag94,2019-10-10,43,96,7,Greene,F
44,luyingjiang,2019-10-10,44,41,2,Greene,F
45,weijiexu-charlie,2019-10-10,45,39,1,Greene,F
46,Yiqing-Zh,2019-10-10,46,64,1,Greene,F
47,sanittawan,2019-10-10,47,54,5,Greene,F
48,lyl010,2019-10-10,48,60,2,Greene,F
49,SiyuanPengMike,2019-10-10,49,70,3,Greene,F
50,cytwill,2019-10-10,50,41,3,Greene,F
51,keertanavc,2019-10-10,51,21,5,Greene,F
52,tianyueniu,2019-10-10,52,25,0,Greene,F
53,Yilun0221,2019-10-17,0,53,30,Evans,F
54,wanitchayap,2019-10-17,1,91,38,Evans,F
55,policyglot,2019-10-17,2,133,52,Evans,F
56,tonofshell,2019-10-17,3,52,39,Evans,F
57,ShuyanHuang,2019-10-17,4,25,12,Evans,F
58,ydeng117,2019-10-17,5,49,31,Evans,F
59,timqzhang,2019-10-17,6,64,13,Evans,F
60,nwrim,2019-10-17,7,128,29,Evans,F
61,MegicLF,2019-10-17,8,70,11,Evans,F
62,vinsonyz,2019-10-17,9,48,11,Evans,F
63,bjcliang-uchi,2019-10-17,10,45,10,Evans,F
64,yongfeilu,2019-10-17,11,37,0,Evans,F
65,YanjieZhou,2019-10-17,12,42,2,Evans,F
66,KenChenCompEcon,2019-10-17,13,35,0,Evans,F
67,HaowenShang,2019-10-17,14,41,6,Evans,F
68,JuneZzj,2019-10-17,15,50,1,Evans,F
69,dongchengecon,2019-10-17,16,33,1,Evans,F
70,WMhYang,2019-10-17,17,83,3,Evans,F
71,sunying2018,2019-10-17,18,51,3,Evans,F
72,ShanglunLi,2019-10-17,19,25,3,Evans,F
73,SiyuanPengMike,2019-10-17,20,32,3,Evans,F
74,linghui-wu,2019-10-17,21,40,4,Evans,F
75,zeyuxu1997,2019-10-17,22,37,4,Evans,F
76,SoyBison,2019-10-17,23,45,4,Evans,F
77,dhruvalb,2019-10-17,24,21,13,Evans,F
78,chun-hu,2019-10-17,25,28,4,Evans,F
79,RuoyunTan,2019-10-17,26,46,3,Evans,F
80,di-Tong,2019-10-17,27,93,9,Evans,F
81,keertanavc,2019-10-17,28,20,5,Evans,F
82,lulululugagaga,2019-10-17,29,18,2,Evans,F
83,ziwnchen,2019-10-17,30,69,1,Evans,F
84,romanticmonkey,2019-10-17,31,30,0,Evans,F
85,hesongrun,2019-10-17,32,35,2,Evans,F
86,anuraag94,2019-10-17,33,67,6,Evans,F
87,nt546,2019-10-17,34,17,0,Evans,F
88,anqi-hu,2019-10-17,35,22,3,Evans,F
89,bazirou,2019-10-17,36,25,1,Evans,F
90,rkcatipon,2019-10-17,37,43,2,Evans,F
91,fulinguo,2019-10-17,38,25,2,Evans,F
92,yutianlai,2019-10-17,39,21,0,Evans,F
93,YuxinNg,2019-10-17,40,77,3,Evans,F
94,liu431,2019-10-17,41,25,5,Evans,F
95,chiayunc,2019-10-17,42,41,0,Evans,F
96,jtschoi,2019-10-17,43,98,5,Evans,F
97,ellenhsieh,2019-10-17,44,37,0,Evans,F
98,boyangqu,2019-10-17,45,30,0,Evans,F
99,SixueLiu96,2019-10-17,46,39,2,Evans,F
100,ChivLiu,2019-10-17,47,69,3,Evans,F
101,minminfly68,2019-10-17,48,46,2,Evans,F
102,luyingjiang,2019-10-17,49,23,0,Evans,F
103,tianyueniu,2019-10-17,50,28,2,Evans,F
104,Panyw97,2019-10-17,51,26,3,Evans,F
105,Yiqing-Zh,2019-10-17,52,15,0,Evans,F
106,hihowme,2019-10-17,53,31,3,Evans,F
107,bakerwho,2019-10-17,54,71,3,Evans,F
108,mingtao-gao,2019-10-17,55,36,6,Evans,F
109,bhargavvader,2019-10-17,56,84,6,Evans,F
110,skanthan95,2019-10-17,57,20,3,Evans,F
111,Leahjl,2019-10-17,58,21,2,Evans,F
112,harryxiong13,2019-10-17,59,28,2,Evans,F
113,wanitchayap,2019-10-24,0,132,49,Turner,F
114,WMhYang,2019-10-24,1,73,37,Turner,F
115,SoyBison,2019-10-24,2,28,32,Turner,F
116,ydeng117,2019-10-24,3,29,34,Turner,F
117,pdwaggoner,2019-10-24,4,122,51,Turner,F
118,linghui-wu,2019-10-24,5,48,33,Turner,F
119,hihowme,2019-10-24,6,48,8,Turner,F
120,policyglot,2019-10-24,7,102,41,Turner,F
121,pdwaggoner,2019-10-24,8,90,18,Turner,F
122,liu431,2019-10-24,9,44,46,Turner,F
123,chun-hu,2019-10-24,10,78,11,Turner,F
124,nswxin,2019-10-24,11,50,7,Turner,F
125,ShuyanHuang,2019-10-24,12,62,18,Turner,F
126,nwrim,2019-10-24,13,116,16,Turner,F
127,timqzhang,2019-10-24,14,87,24,Turner,F
128,vinsonyz,2019-10-24,15,20,5,Turner,F
129,rkcatipon,2019-10-24,16,125,14,Turner,F
130,tianyueniu,2019-10-24,17,60,14,Turner,F
131,bjcliang-uchi,2019-10-24,18,84,3,Turner,F
132,lulululugagaga,2019-10-24,19,51,14,Turner,F
133,romanticmonkey,2019-10-24,20,100,19,Turner,F
134,anuraag94,2019-10-24,21,123,12,Turner,F
135,Leahjl,2019-10-24,22,33,3,Turner,F
136,YuxinNg,2019-10-24,23,60,9,Turner,F
137,YanjieZhou,2019-10-24,24,33,6,Turner,F
138,harryxiong13,2019-10-24,25,32,13,Turner,F
139,sunying2018,2019-10-24,26,38,7,Turner,F
140,yongfeilu,2019-10-24,27,46,2,Turner,F
141,HaowenShang,2019-10-24,28,47,4,Turner,F
142,bakerwho,2019-10-24,29,49,4,Turner,F
143,PAHADRIANUS,2019-10-24,30,110,2,Turner,F
144,KenChenCompEcon,2019-10-24,31,42,4,Turner,F
145,ChivLiu,2019-10-24,32,46,4,Turner,F
146,ZhouXing-19,2019-10-24,33,93,5,Turner,F
147,zeyuxu1997,2019-10-24,34,29,4,Turner,F
148,ruixili,2019-10-24,35,57,0,Turner,F
149,di-Tong,2019-10-24,36,129,9,Turner,F
150,bhargavvader,2019-10-24,37,68,5,Turner,F
151,chiayunc,2019-10-24,38,76,6,Turner,F
152,dongchengecon,2019-10-24,39,49,2,Turner,F
153,weijiexu-charlie,2019-10-24,40,23,1,Turner,F
154,hesongrun,2019-10-24,41,37,5,Turner,F
155,luxin-tian,2019-10-24,42,97,5,Turner,F
156,heathercchen,2019-10-24,43,77,7,Turner,F
157,skanthan95,2019-10-24,44,105,6,Turner,F
158,dhruvalb,2019-10-24,45,79,12,Turner,F
159,sanittawan,2019-10-24,46,50,5,Turner,F
160,MegicLF,2019-10-24,47,80,3,Turner,F
161,RuoyunTan,2019-10-24,48,50,6,Turner,F
162,tonofshell,2019-10-24,49,47,5,Turner,F
163,SiyuanPengMike,2019-10-24,50,35,1,Turner,F
164,Anqi-Zhou,2019-10-24,51,29,5,Turner,F
165,wu-yt,2019-10-24,52,43,0,Turner,F
166,Yilun0221,2019-10-24,53,26,4,Turner,F
167,hanjiaxu,2019-10-24,54,104,5,Turner,F
168,ShanglunLi,2019-10-24,55,24,3,Turner,F
169,lyl010,2019-10-24,56,22,1,Turner,F
170,SixueLiu96,2019-10-24,57,54,0,Turner,F
171,boyangqu,2019-10-24,58,23,1,Turner,F
172,yutianlai,2019-10-24,59,36,0,Turner,F
173,ziwnchen,2019-10-24,60,26,0,Turner,F
174,keertanavc,2019-10-24,61,51,5,Turner,F
175,luyingjiang,2019-10-24,62,77,1,Turner,F
176,fulinguo,2019-10-24,63,25,0,Turner,F
177,Yawei-Li,2019-10-24,64,23,0,Turner,F
178,bazirou,2019-10-24,65,24,0,Turner,F
179,TianxinZheng,2019-10-24,66,28,0,Turner,F
180,JuneZzj,2019-10-24,67,45,0,Turner,F
181,cytwill,2019-10-24,68,54,0,Turner,F
182,jtschoi,2019-10-24,69,32,6,Turner,F
183,jsgenan,2019-10-24,70,84,3,Turner,F
184,caibengbu,2019-10-24,71,32,0,Turner,F
185,yalingtsui,2019-10-24,72,26,0,Turner,F
186,nt546,2019-10-24,73,21,0,Turner,F
187,adarshmathew,2019-10-24,74,181,6,Turner,F
188,Yiqing-Zh,2019-10-24,75,52,0,Turner,F
189,mingtao-gao,2019-10-24,76,44,0,Turner,F
190,anqi-hu,2019-10-24,77,34,2,Turner,F
191,PAHADRIANUS,2019-10-31,0,164,43,Bergstrom,F
192,wanitchayap,2019-10-31,1,38,42,Bergstrom,F
193,policyglot,2019-10-31,2,70,44,Bergstrom,F
194,sanittawan,2019-10-31,3,64,55,Bergstrom,F
195,nwrim,2019-10-31,4,165,53,Bergstrom,F
196,SoyBison,2019-10-31,5,133,49,Bergstrom,F
197,goldengua,2019-10-31,6,81,34,Bergstrom,F
198,hihowme,2019-10-31,7,71,14,Bergstrom,F
199,lulululugagaga,2019-10-31,8,46,22,Bergstrom,F
200,timqzhang,2019-10-31,9,58,30,Bergstrom,F
201,liu431,2019-10-31,10,39,30,Bergstrom,F
202,nswxin,2019-10-31,11,77,7,Bergstrom,F
203,ShuyanHuang,2019-10-31,12,68,3,Bergstrom,F
204,hesongrun,2019-10-31,13,39,14,Bergstrom,F
205,keertanavc,2019-10-31,14,32,12,Bergstrom,F
206,linghui-wu,2019-10-31,15,49,11,Bergstrom,F
207,Leahjl,2019-10-31,16,50,5,Bergstrom,F
208,bakerwho,2019-10-31,17,76,22,Bergstrom,F
209,anuraag94,2019-10-31,18,71,11,Bergstrom,F
210,MegicLF,2019-10-31,19,36,1,Bergstrom,F
211,rkcatipon,2019-10-31,20,61,21,Bergstrom,F
212,bhargavvader,2019-10-31,21,135,13,Bergstrom,F
213,heathercchen,2019-10-31,22,59,10,Bergstrom,F
214,yongfeilu,2019-10-31,23,63,3,Bergstrom,F
215,anqi-hu,2019-10-31,24,58,6,Bergstrom,F
216,di-Tong,2019-10-31,25,23,5,Bergstrom,F
217,YuxinNg,2019-10-31,26,72,4,Bergstrom,F
218,dongchengecon,2019-10-31,27,52,4,Bergstrom,F
219,jsgenan,2019-10-31,28,72,3,Bergstrom,F
220,harryxiong13,2019-10-31,29,65,9,Bergstrom,F
221,tianyueniu,2019-10-31,30,61,5,Bergstrom,F
222,ziwnchen,2019-10-31,31,65,6,Bergstrom,F
223,adarshmathew,2019-10-31,32,78,7,Bergstrom,F
224,jtschoi,2019-10-31,33,74,3,Bergstrom,F
225,chun-hu,2019-10-31,34,38,3,Bergstrom,F
226,luxin-tian,2019-10-31,35,33,2,Bergstrom,F
227,Anqi-Zhou,2019-10-31,36,22,1,Bergstrom,F
228,bjcliang-uchi,2019-10-31,37,23,3,Bergstrom,F
229,HaowenShang,2019-10-31,38,24,3,Bergstrom,F
230,tonofshell,2019-10-31,39,31,4,Bergstrom,F
231,RuoyunTan,2019-10-31,40,65,3,Bergstrom,F
232,ruixili,2019-10-31,41,37,6,Bergstrom,F
233,weijiexu-charlie,2019-10-31,42,20,1,Bergstrom,F
234,KenChenCompEcon,2019-10-31,43,31,5,Bergstrom,F
235,hanjiaxu,2019-10-31,44,40,3,Bergstrom,F
236,SixueLiu96,2019-10-31,45,52,8,Bergstrom,F
237,minminfly68,2019-10-31,46,67,3,Bergstrom,F
238,YanjieZhou,2019-10-31,47,34,3,Bergstrom,F
239,yutianlai,2019-10-31,48,24,2,Bergstrom,F
240,nt546,2019-10-31,49,24,2,Bergstrom,F
241,SiyuanPengMike,2019-10-31,50,43,0,Bergstrom,F
242,vinsonyz,2019-10-31,51,22,5,Bergstrom,F
243,sunying2018,2019-10-31,52,25,1,Bergstrom,F
244,ChivLiu,2019-10-31,53,83,1,Bergstrom,F
245,Yilun0221,2019-10-31,54,25,0,Bergstrom,F
246,luyingjiang,2019-10-31,55,32,0,Bergstrom,F
247,chiayunc,2019-10-31,56,47,3,Bergstrom,F
248,romanticmonkey,2019-10-31,57,62,3,Bergstrom,F
249,huanye,2019-10-31,58,46,1,Bergstrom,F
250,dhruvalb,2019-10-31,59,46,1,Bergstrom,F
251,fulinguo,2019-10-31,60,44,2,Bergstrom,F
252,skanthan95,2019-10-31,61,32,0,Bergstrom,F
253,JuneZzj,2019-10-31,62,66,0,Bergstrom,F
254,TianxinZheng,2019-10-31,63,37,0,Bergstrom,F
255,Yawei-Li,2019-10-31,64,40,0,Bergstrom,F
256,lyl010,2019-10-31,65,23,1,Bergstrom,F
257,Yiqing-Zh,2019-10-31,66,37,1,Bergstrom,F
258,AllisonXiong,2019-10-31,67,44,2,Bergstrom,F
259,ydeng117,2019-10-31,68,43,3,Bergstrom,F
260,ShanglunLi,2019-10-31,69,13,2,Bergstrom,F
261,yalingtsui,2019-10-31,70,37,2,Bergstrom,F
262,ellenhsieh,2019-10-31,71,42,1,Bergstrom,F
263,WMhYang,2019-10-31,72,64,1,Bergstrom,F
264,mingtao-gao,2019-10-31,73,48,0,Bergstrom,F
265,cytwill,2019-10-31,74,67,1,Bergstrom,F
266,bazirou,2019-10-31,75,12,1,Bergstrom,F
267,caibengbu,2019-10-31,76,54,0,Bergstrom,F
268,rkcatipon,2019-11-07,0,64,53,King,F
269,Yilun0221,2019-11-07,1,65,50,King,F
270,tonofshell,2019-11-07,2,25,49,King,F
271,romanticmonkey,2019-11-07,3,33,46,King,F
272,wanitchayap,2019-11-07,4,34,40,King,F
273,goldengua,2019-11-07,5,39,43,King,F
274,hesongrun,2019-11-07,6,41,33,King,F
275,boyangqu,2019-11-07,7,24,6,King,F
276,nwrim,2019-11-07,8,140,47,King,F
277,ChivLiu,2019-11-07,9,57,15,King,F
278,ydeng117,2019-11-07,10,38,15,King,F
279,hihowme,2019-11-07,11,40,10,King,F
280,timqzhang,2019-11-07,12,46,19,King,F
281,lulululugagaga,2019-11-07,13,39,13,King,F
282,mingtao-gao,2019-11-07,14,84,10,King,F
283,RuoyunTan,2019-11-07,15,77,8,King,F
284,luxin-tian,2019-11-07,16,40,5,King,F
285,ShuyanHuang,2019-11-07,17,34,7,King,F
286,Leahjl,2019-11-07,18,63,7,King,F
287,chiayunc,2019-11-07,19,134,21,King,F
288,SoyBison,2019-11-07,20,35,8,King,F
289,YuxinNg,2019-11-07,21,72,5,King,F
290,MegicLF,2019-11-07,22,37,2,King,F
291,KenChenCompEcon,2019-11-07,23,31,8,King,F
292,yongfeilu,2019-11-07,24,39,6,King,F
293,ruixili,2019-11-07,25,22,7,King,F
294,bakerwho,2019-11-07,26,68,17,King,F
295,anqi-hu,2019-11-07,27,38,3,King,F
296,bjcliang-uchi,2019-11-07,28,69,10,King,F
297,policyglot,2019-11-07,29,60,12,King,F
298,JuneZzj,2019-11-07,30,39,2,King,F
299,liu431,2019-11-07,31,21,9,King,F
300,WMhYang,2019-11-07,32,51,1,King,F
301,linghui-wu,2019-11-07,33,31,3,King,F
302,ziwnchen,2019-11-07,34,71,5,King,F
303,HaowenShang,2019-11-07,35,32,2,King,F
304,PAHADRIANUS,2019-11-07,36,127,1,King,F
305,dongchengecon,2019-11-07,37,32,2,King,F
306,harryxiong13,2019-11-07,38,72,2,King,F
307,tianyueniu,2019-11-07,39,54,3,King,F
308,SiyuanPengMike,2019-11-07,40,34,2,King,F
309,nswxin,2019-11-07,41,37,1,King,F
310,chun-hu,2019-11-07,42,37,2,King,F
311,di-Tong,2019-11-07,43,26,3,King,F
312,huanye,2019-11-07,44,43,3,King,F
313,vinsonyz,2019-11-07,45,19,3,King,F
314,cytwill,2019-11-07,46,49,4,King,F
315,sunying2018,2019-11-07,47,27,2,King,F
316,yutianlai,2019-11-07,48,43,0,King,F
317,heathercchen,2019-11-07,49,42,5,King,F
318,minminfly68,2019-11-07,50,107,10,King,F
319,wu-yt,2019-11-07,51,18,1,King,F
320,jtschoi,2019-11-07,52,59,7,King,F
321,ZhouXing-19,2019-11-07,53,41,1,King,F
322,YanjieZhou,2019-11-07,54,38,1,King,F
323,jsgenan,2019-11-07,55,33,1,King,F
324,anuraag94,2019-11-07,56,33,2,King,F
325,Anqi-Zhou,2019-11-07,57,26,1,King,F
326,anuraag94,2019-11-14,0,46,44,Terman,F
327,wanitchayap,2019-11-14,1,83,46,Terman,F
328,goldengua,2019-11-14,2,44,40,Terman,F
329,SoyBison,2019-11-14,3,63,53,Terman,F
330,nwrim,2019-11-14,4,88,44,Terman,F
331,hanjiaxu,2019-11-14,5,43,38,Terman,F
332,bakerwho,2019-11-14,6,55,43,Terman,F
333,lulululugagaga,2019-11-14,7,77,42,Terman,F
334,ydeng117,2019-11-14,8,61,32,Terman,F
335,PAHADRIANUS,2019-11-14,9,132,19,Terman,F
336,vinsonyz,2019-11-14,10,29,9,Terman,F
337,linghui-wu,2019-11-14,11,36,14,Terman,F
338,timqzhang,2019-11-14,12,75,27,Terman,F
339,luxin-tian,2019-11-14,13,43,11,Terman,F
340,WMhYang,2019-11-14,14,68,3,Terman,F
341,hihowme,2019-11-14,15,40,12,Terman,F
342,Yilun0221,2019-11-14,16,10,2,Terman,F
343,ShuyanHuang,2019-11-14,17,28,7,Terman,F
344,bazirou,2019-11-14,18,19,5,Terman,F
345,policyglot,2019-11-14,19,84,24,Terman,F
346,RuoyunTan,2019-11-14,20,68,7,Terman,F
347,anqi-hu,2019-11-14,21,45,18,Terman,F
348,yongfeilu,2019-11-14,22,48,2,Terman,F
349,dhruvalb,2019-11-14,23,24,19,Terman,F
350,ZhouXing-19,2019-11-14,24,62,8,Terman,F
351,adarshmathew,2019-11-14,25,231,34,Terman,F
352,AllisonXiong,2019-11-14,26,62,4,Terman,F
353,heathercchen,2019-11-14,27,43,4,Terman,F
354,ChivLiu,2019-11-14,28,59,5,Terman,F
355,zeyuxu1997,2019-11-14,29,59,4,Terman,F
356,JuneZzj,2019-11-14,30,49,1,Terman,F
357,hesongrun,2019-11-14,31,30,2,Terman,F
358,harryxiong13,2019-11-14,32,46,9,Terman,F
359,tianyueniu,2019-11-14,33,28,4,Terman,F
360,romanticmonkey,2019-11-14,34,75,5,Terman,F
361,minminfly68,2019-11-14,35,68,2,Terman,F
362,chiayunc,2019-11-14,36,27,3,Terman,F
363,rkcatipon,2019-11-14,37,99,9,Terman,F
364,nswxin,2019-11-14,38,23,0,Terman,F
365,cytwill,2019-11-14,39,55,0,Terman,F
366,chun-hu,2019-11-14,40,67,1,Terman,F
367,dongchengecon,2019-11-14,41,39,0,Terman,F
368,boyangqu,2019-11-14,42,43,1,Terman,F
369,keertanavc,2019-11-14,43,31,4,Terman,F
370,skanthan95,2019-11-14,44,53,0,Terman,F
371,nt546,2019-11-14,45,26,0,Terman,F
372,yutianlai,2019-11-14,46,30,0,Terman,F
373,KenChenCompEcon,2019-11-14,47,22,3,Terman,F
374,YuxinNg,2019-11-14,48,53,2,Terman,F
375,ShanglunLi,2019-11-14,49,12,0,Terman,F
376,SixueLiu96,2019-11-14,50,53,3,Terman,F
377,HaowenShang,2019-11-14,51,37,3,Terman,F
378,bjcliang-uchi,2019-11-14,52,54,0,Terman,F
379,huanye,2019-11-14,53,59,2,Terman,F
380,ruixili,2019-11-14,54,17,0,Terman,F
381,jsgenan,2019-11-14,55,42,2,Terman,F
382,Anqi-Zhou,2019-11-14,56,12,0,Terman,F
383,YanjieZhou,2019-11-14,57,29,0,Terman,F
384,Leahjl,2019-11-14,58,18,0,Terman,F
385,weijiexu-charlie,2019-11-14,59,24,0,Terman,F
386,MegicLF,2019-11-14,60,61,1,Terman,F
387,Yiqing-Zh,2019-11-14,61,25,0,Terman,F
388,sunying2018,2019-11-14,62,19,0,Terman,F
389,di-Tong,2019-11-14,63,23,2,Terman,F
390,luyingjiang,2019-11-14,64,33,0,Terman,F
391,hanjiaxu,2020-01-09,0,28,46,Boudourides,W
392,SoyBison,2020-01-09,1,29,46,Boudourides,W
393,wanitchayap,2020-01-09,2,33,50,Boudourides,W
394,nwrim,2020-01-09,3,105,54,Boudourides,W
395,zeyuxu1997,2020-01-09,4,41,38,Boudourides,W
396,hihowme,2020-01-09,5,53,32,Boudourides,W
397,Yilun0221,2020-01-09,6,26,21,Boudourides,W
398,ydeng117,2020-01-09,7,40,14,Boudourides,W
399,lulululugagaga,2020-01-09,8,16,13,Boudourides,W
400,ziwnchen,2020-01-09,9,39,32,Boudourides,W
401,chun-hu,2020-01-09,10,15,9,Boudourides,W
402,tianyueniu,2020-01-09,11,11,12,Boudourides,W
403,anuraag94,2020-01-09,12,39,4,Boudourides,W
404,romanticmonkey,2020-01-09,13,31,2,Boudourides,W
405,anqi-hu,2020-01-09,14,27,13,Boudourides,W
406,timqzhang,2020-01-09,15,36,8,Boudourides,W
407,RuoyunTan,2020-01-09,16,95,20,Boudourides,W
408,adarshmathew,2020-01-09,17,112,33,Boudourides,W
409,linghui-wu,2020-01-09,18,70,9,Boudourides,W
410,goldengua,2020-01-09,19,14,0,Boudourides,W
411,ShuyanHuang,2020-01-09,20,22,5,Boudourides,W
412,WMhYang,2020-01-09,21,60,3,Boudourides,W
413,KenChenCompEcon,2020-01-09,22,29,4,Boudourides,W
414,dhruvalb,2020-01-09,23,30,9,Boudourides,W
415,YuxinNg,2020-01-09,24,43,1,Boudourides,W
416,ruixili,2020-01-09,25,41,14,Boudourides,W
417,ShanglunLi,2020-01-09,26,19,6,Boudourides,W
418,nswxin,2020-01-09,27,24,0,Boudourides,W
419,TianxinZheng,2020-01-09,28,18,3,Boudourides,W
420,SiyuanPengMike,2020-01-09,29,36,5,Boudourides,W
421,Leahjl,2020-01-09,30,12,0,Boudourides,W
422,bjcliang-uchi,2020-01-09,31,41,4,Boudourides,W
423,yongfeilu,2020-01-09,32,18,2,Boudourides,W
424,di-Tong,2020-01-09,33,27,3,Boudourides,W
425,harryxiong13,2020-01-09,34,9,3,Boudourides,W
426,weijiexu-charlie,2020-01-09,35,30,1,Boudourides,W
427,liu431,2020-01-09,36,41,7,Boudourides,W
428,chiayunc,2020-01-09,37,38,3,Boudourides,W
429,dongchengecon,2020-01-09,38,52,0,Boudourides,W
430,HaowenShang,2020-01-09,39,19,0,Boudourides,W
431,yutianlai,2020-01-09,40,13,0,Boudourides,W
432,ChivLiu,2020-01-09,41,17,0,Boudourides,W
433,YanjieZhou,2020-01-09,42,27,3,Boudourides,W
434,skanthan95,2020-01-09,43,27,5,Boudourides,W
435,rkcatipon,2020-01-09,44,61,8,Boudourides,W
436,policyglot,2020-01-09,45,34,7,Boudourides,W
437,MegicLF,2020-01-09,46,52,1,Boudourides,W
438,bakerwho,2020-01-09,47,67,12,Boudourides,W
439,hesongrun,2020-01-09,48,9,2,Boudourides,W
440,keertanavc,2020-01-09,49,27,1,Boudourides,W
441,JuneZzj,2020-01-09,50,22,0,Boudourides,W
442,luxin-tian,2020-01-09,51,28,3,Boudourides,W
443,wu-yt,2020-01-09,52,16,0,Boudourides,W
444,caibengbu,2020-01-09,53,26,1,Boudourides,W
445,fulinguo,2020-01-09,54,24,2,Boudourides,W
446,tonofshell,2020-01-09,55,20,5,Boudourides,W
447,lyl010,2020-01-09,56,48,4,Boudourides,W
448,Anqi-Zhou,2020-01-09,57,16,0,Boudourides,W
449,sanittawan,2020-01-09,58,34,1,Boudourides,W
450,bazirou,2020-01-09,59,16,2,Boudourides,W
451,policyglot,2020-01-16,0,108,54,Parigi,W
452,rkcatipon,2020-01-16,1,89,55,Parigi,W
453,wanitchayap,2020-01-16,2,33,44,Parigi,W
454,nwrim,2020-01-16,3,75,53,Parigi,W
455,liu431,2020-01-16,4,41,50,Parigi,W
456,anqi-hu,2020-01-16,5,28,28,Parigi,W
457,zeyuxu1997,2020-01-16,6,35,15,Parigi,W
458,WMhYang,2020-01-16,7,72,32,Parigi,W
459,hihowme,2020-01-16,8,44,11,Parigi,W
460,ydeng117,2020-01-16,9,42,11,Parigi,W
461,anuraag94,2020-01-16,10,51,16,Parigi,W
462,lulululugagaga,2020-01-16,11,22,12,Parigi,W
463,mingtao-gao,2020-01-16,12,56,7,Parigi,W
464,Yilun0221,2020-01-16,13,22,10,Parigi,W
465,timqzhang,2020-01-16,14,22,8,Parigi,W
466,vinsonyz,2020-01-16,15,24,7,Parigi,W
467,RuoyunTan,2020-01-16,16,63,12,Parigi,W
468,adarshmathew,2020-01-16,17,25,36,Parigi,W
469,yongfeilu,2020-01-16,18,29,5,Parigi,W
470,lyl010,2020-01-16,19,36,6,Parigi,W
471,jsgenan,2020-01-16,20,60,5,Parigi,W
472,chun-hu,2020-01-16,21,45,7,Parigi,W
473,KenChenCompEcon,2020-01-16,22,34,4,Parigi,W
474,di-Tong,2020-01-16,23,41,5,Parigi,W
475,PAHADRIANUS,2020-01-16,24,149,10,Parigi,W
476,nt546,2020-01-16,25,29,0,Parigi,W
477,skanthan95,2020-01-16,26,50,4,Parigi,W
478,SoyBison,2020-01-16,27,15,5,Parigi,W
479,TianxinZheng,2020-01-16,28,17,2,Parigi,W
480,linghui-wu,2020-01-16,29,61,5,Parigi,W
481,Leahjl,2020-01-16,30,24,0,Parigi,W
482,bjcliang-uchi,2020-01-16,31,13,1,Parigi,W
483,YanjieZhou,2020-01-16,32,20,0,Parigi,W
484,YuxinNg,2020-01-16,33,29,1,Parigi,W
485,goldengua,2020-01-16,34,27,1,Parigi,W
486,hanjiaxu,2020-01-16,35,25,0,Parigi,W
487,harryxiong13,2020-01-16,36,35,3,Parigi,W
488,tonofshell,2020-01-16,37,28,0,Parigi,W
489,yutianlai,2020-01-16,38,17,4,Parigi,W
490,SiyuanPengMike,2020-01-16,39,34,2,Parigi,W
491,dongchengecon,2020-01-16,40,34,1,Parigi,W
492,bazirou,2020-01-16,41,26,1,Parigi,W
493,MegicLF,2020-01-16,42,52,3,Parigi,W
494,chiayunc,2020-01-16,43,35,4,Parigi,W
495,JuneZzj,2020-01-16,44,22,2,Parigi,W
496,nswxin,2020-01-16,45,24,0,Parigi,W
497,tianyueniu,2020-01-16,46,31,0,Parigi,W
498,yalingtsui,2020-01-16,47,15,0,Parigi,W
499,ShuyanHuang,2020-01-16,48,30,1,Parigi,W
500,hesongrun,2020-01-16,49,16,1,Parigi,W
501,ShanglunLi,2020-01-16,50,16,0,Parigi,W
502,ruixili,2020-01-16,51,15,0,Parigi,W
503,bakerwho,2020-01-16,52,34,4,Parigi,W
504,heathercchen,2020-01-16,53,44,1,Parigi,W
505,romanticmonkey,2020-01-16,54,39,1,Parigi,W
506,luyingjiang,2020-01-16,55,42,0,Parigi,W
507,weijiexu-charlie,2020-01-16,56,17,0,Parigi,W
508,sunying2018,2020-01-16,57,26,0,Parigi,W
509,fulinguo,2020-01-16,58,25,2,Parigi,W
510,anuraag94,2020-01-23,0,67,59,Wang,W
511,SoyBison,2020-01-23,1,31,51,Wang,W
512,policyglot,2020-01-23,2,78,53,Wang,W
513,liu431,2020-01-23,3,42,58,Wang,W
514,nwrim,2020-01-23,4,120,53,Wang,W
515,Yilun0221,2020-01-23,5,15,24,Wang,W
516,WMhYang,2020-01-23,6,32,20,Wang,W
517,timqzhang,2020-01-23,7,37,23,Wang,W
518,ziwnchen,2020-01-23,8,39,24,Wang,W
519,wanitchayap,2020-01-23,9,70,25,Wang,W
520,ShuyanHuang,2020-01-23,10,52,13,Wang,W
521,hihowme,2020-01-23,11,37,1,Wang,W
522,romanticmonkey,2020-01-23,12,26,10,Wang,W
523,anqi-hu,2020-01-23,13,42,14,Wang,W
524,linghui-wu,2020-01-23,14,48,12,Wang,W
525,ZhouXing-19,2020-01-23,15,34,4,Wang,W
526,zeyuxu1997,2020-01-23,16,59,5,Wang,W
527,lyl010,2020-01-23,17,61,3,Wang,W
528,chiayunc,2020-01-23,18,62,10,Wang,W
529,lulululugagaga,2020-01-23,19,26,13,Wang,W
530,keertanavc,2020-01-23,20,29,25,Wang,W
531,MegicLF,2020-01-23,21,37,0,Wang,W
532,vinsonyz,2020-01-23,22,14,5,Wang,W
533,tonofshell,2020-01-23,23,18,2,Wang,W
534,ydeng117,2020-01-23,24,35,0,Wang,W
535,HaowenShang,2020-01-23,25,21,0,Wang,W
536,YuxinNg,2020-01-23,26,37,3,Wang,W
537,goldengua,2020-01-23,27,29,1,Wang,W
538,hanjiaxu,2020-01-23,28,38,6,Wang,W
539,sanittawan,2020-01-23,29,63,7,Wang,W
540,ShanglunLi,2020-01-23,30,20,0,Wang,W
541,YanjieZhou,2020-01-23,31,23,0,Wang,W
542,dongchengecon,2020-01-23,32,29,1,Wang,W
543,PAHADRIANUS,2020-01-23,33,89,2,Wang,W
544,yutianlai,2020-01-23,34,40,1,Wang,W
545,chun-hu,2020-01-23,35,30,7,Wang,W
546,bjcliang-uchi,2020-01-23,36,23,2,Wang,W
547,SiyuanPengMike,2020-01-23,37,32,2,Wang,W
548,tianyueniu,2020-01-23,38,29,2,Wang,W
549,heathercchen,2020-01-23,39,30,0,Wang,W
550,JuneZzj,2020-01-23,40,26,0,Wang,W
551,fulinguo,2020-01-23,41,54,4,Wang,W
552,KenChenCompEcon,2020-01-23,42,23,2,Wang,W
553,jtschoi,2020-01-23,43,55,5,Wang,W
554,Leahjl,2020-01-23,44,28,0,Wang,W
555,hesongrun,2020-01-23,45,47,0,Wang,W
556,sunying2018,2020-01-23,46,19,2,Wang,W
557,Anqi-Zhou,2020-01-23,47,24,2,Wang,W
558,ruixili,2020-01-23,48,22,1,Wang,W
559,boyangqu,2020-01-23,49,23,1,Wang,W
560,TianxinZheng,2020-01-23,50,19,1,Wang,W
561,harryxiong13,2020-01-23,51,26,4,Wang,W
562,mingtao-gao,2020-01-23,52,68,1,Wang,W
563,wanitchayap,2020-01-30,0,72,56,Becker,W
564,adarshmathew,2020-01-30,1,52,64,Becker,W
565,anuraag94,2020-01-30,2,92,59,Becker,W
566,zeyuxu1997,2020-01-30,3,33,43,Becker,W
567,WMhYang,2020-01-30,4,43,42,Becker,W
568,nwrim,2020-01-30,5,142,56,Becker,W
569,bhargavvader,2020-01-30,6,126,48,Becker,W
570,bakerwho,2020-01-30,7,73,33,Becker,W
571,policyglot,2020-01-30,8,58,18,Becker,W
572,liu431,2020-01-30,9,33,30,Becker,W
573,vinsonyz,2020-01-30,10,17,6,Becker,W
574,lulululugagaga,2020-01-30,11,14,9,Becker,W
575,YanjieZhou,2020-01-30,12,31,13,Becker,W
576,linghui-wu,2020-01-30,13,33,10,Becker,W
577,timqzhang,2020-01-30,14,28,5,Becker,W
578,goldengua,2020-01-30,15,16,0,Becker,W
579,rkcatipon,2020-01-30,16,41,5,Becker,W
580,SoyBison,2020-01-30,17,22,4,Becker,W
581,chiayunc,2020-01-30,18,45,7,Becker,W
582,ydeng117,2020-01-30,19,26,6,Becker,W
583,anqi-hu,2020-01-30,20,50,8,Becker,W
584,RuoyunTan,2020-01-30,21,27,4,Becker,W
585,AllisonXiong,2020-01-30,22,61,5,Becker,W
586,ZhouXing-19,2020-01-30,23,24,4,Becker,W
587,Yilun0221,2020-01-30,24,20,3,Becker,W
588,di-Tong,2020-01-30,25,31,4,Becker,W
589,hesongrun,2020-01-30,26,20,4,Becker,W
590,lyl010,2020-01-30,27,46,4,Becker,W
591,JuneZzj,2020-01-30,28,24,5,Becker,W
592,sunying2018,2020-01-30,29,22,4,Becker,W
593,MegicLF,2020-01-30,30,20,2,Becker,W
594,tonofshell,2020-01-30,31,29,4,Becker,W
595,dhruvalb,2020-01-30,32,11,0,Becker,W
596,YuxinNg,2020-01-30,33,30,4,Becker,W
597,SixueLiu96,2020-01-30,34,24,1,Becker,W
598,dongchengecon,2020-01-30,35,30,3,Becker,W
599,hihowme,2020-01-30,36,20,2,Becker,W
600,PAHADRIANUS,2020-01-30,37,114,1,Becker,W
601,Leahjl,2020-01-30,38,17,3,Becker,W
602,ShanglunLi,2020-01-30,39,11,2,Becker,W
603,bjcliang-uchi,2020-01-30,40,25,2,Becker,W
604,yutianlai,2020-01-30,41,30,2,Becker,W
605,KenChenCompEcon,2020-01-30,42,24,2,Becker,W
606,Anqi-Zhou,2020-01-30,43,10,1,Becker,W
607,heathercchen,2020-01-30,44,19,2,Becker,W
608,skanthan95,2020-01-30,45,22,2,Becker,W
609,SiyuanPengMike,2020-01-30,46,28,1,Becker,W
610,luyingjiang,2020-01-30,47,27,2,Becker,W
611,tianyueniu,2020-01-30,48,33,3,Becker,W
612,caibengbu,2020-01-30,49,15,3,Becker,W
613,chun-hu,2020-01-30,50,28,6,Becker,W
614,HaowenShang,2020-01-30,51,16,0,Becker,W
615,mingtao-gao,2020-01-30,52,38,0,Becker,W
616,TianxinZheng,2020-01-30,53,10,0,Becker,W
617,harryxiong13,2020-01-30,54,20,5,Becker,W
618,ChivLiu,2020-01-30,55,27,2,Becker,W
619,ruixili,2020-01-30,56,20,2,Becker,W
620,jsgenan,2020-01-30,57,20,3,Becker,W
621,bhargavvader,2020-02-06,0,174,65,Boutyline,W
622,di-Tong,2020-02-06,1,172,64,Boutyline,W
623,bjcliang-uchi,2020-02-06,2,131,63,Boutyline,W
624,wanitchayap,2020-02-06,3,97,59,Boutyline,W
625,romanticmonkey,2020-02-06,4,66,51,Boutyline,W
626,ydeng117,2020-02-06,5,21,34,Boutyline,W
627,Yilun0221,2020-02-06,6,23,7,Boutyline,W
628,nwrim,2020-02-06,7,147,50,Boutyline,W
629,ziwnchen,2020-02-06,8,32,7,Boutyline,W
630,rkcatipon,2020-02-06,9,33,12,Boutyline,W
631,hihowme,2020-02-06,10,40,12,Boutyline,W
632,ShuyanHuang,2020-02-06,11,64,11,Boutyline,W
633,caibengbu,2020-02-06,12,28,3,Boutyline,W
634,keertanavc,2020-02-06,13,23,22,Boutyline,W
635,lulululugagaga,2020-02-06,14,30,9,Boutyline,W
636,SoyBison,2020-02-06,15,22,7,Boutyline,W
637,anqi-hu,2020-02-06,16,37,4,Boutyline,W
638,YuxinNg,2020-02-06,17,35,2,Boutyline,W
639,zeyuxu1997,2020-02-06,18,34,5,Boutyline,W
640,YanjieZhou,2020-02-06,19,28,2,Boutyline,W
641,tonofshell,2020-02-06,20,41,3,Boutyline,W
642,SiyuanPengMike,2020-02-06,21,44,7,Boutyline,W
643,linghui-wu,2020-02-06,22,26,8,Boutyline,W
644,timqzhang,2020-02-06,23,20,7,Boutyline,W
645,vinsonyz,2020-02-06,24,22,4,Boutyline,W
646,bazirou,2020-02-06,25,30,7,Boutyline,W
647,fulinguo,2020-02-06,26,39,0,Boutyline,W
648,chiayunc,2020-02-06,27,20,4,Boutyline,W
649,bakerwho,2020-02-06,28,37,2,Boutyline,W
650,ShanglunLi,2020-02-06,29,16,1,Boutyline,W
651,HaowenShang,2020-02-06,30,23,2,Boutyline,W
652,tianyueniu,2020-02-06,31,31,4,Boutyline,W
653,dongchengecon,2020-02-06,32,19,1,Boutyline,W
654,ChivLiu,2020-02-06,33,53,4,Boutyline,W
655,heathercchen,2020-02-06,34,8,2,Boutyline,W
656,PAHADRIANUS,2020-02-06,35,81,2,Boutyline,W
657,sunying2018,2020-02-06,36,20,0,Boutyline,W
658,hesongrun,2020-02-06,37,4,0,Boutyline,W
659,yongfeilu,2020-02-06,38,30,0,Boutyline,W
660,hanjiaxu,2020-02-06,39,21,2,Boutyline,W
661,Leahjl,2020-02-06,40,14,0,Boutyline,W
662,RuoyunTan,2020-02-06,41,38,1,Boutyline,W
663,lyl010,2020-02-06,42,57,5,Boutyline,W
664,yutianlai,2020-02-06,43,44,1,Boutyline,W
665,MegicLF,2020-02-06,44,18,0,Boutyline,W
666,minminfly68,2020-02-06,45,7,0,Boutyline,W
667,chun-hu,2020-02-06,46,19,3,Boutyline,W
668,WMhYang,2020-02-06,47,27,0,Boutyline,W
669,liu431,2020-02-06,48,17,4,Boutyline,W
670,AllisonXiong,2020-02-06,49,87,3,Boutyline,W
671,liu431,2020-02-27,0,33,55,Ferrari,W
672,nwrim,2020-02-27,1,151,61,Ferrari,W
673,ziwnchen,2020-02-27,2,43,56,Ferrari,W
674,bjcliang-uchi,2020-02-27,3,44,54,Ferrari,W
675,hesongrun,2020-02-27,4,26,50,Ferrari,W
676,wanitchayap,2020-02-27,5,37,53,Ferrari,W
677,tonofshell,2020-02-27,6,27,36,Ferrari,W
678,zeyuxu1997,2020-02-27,7,33,24,Ferrari,W
679,linghui-wu,2020-02-27,8,52,33,Ferrari,W
680,romanticmonkey,2020-02-27,9,33,9,Ferrari,W
681,adarshmathew,2020-02-27,10,91,17,Ferrari,W
682,nswxin,2020-02-27,11,23,0,Ferrari,W
683,lulululugagaga,2020-02-27,12,23,10,Ferrari,W
684,KenChenCompEcon,2020-02-27,13,30,6,Ferrari,W
685,ShuyanHuang,2020-02-27,14,18,5,Ferrari,W
686,vinsonyz,2020-02-27,15,12,2,Ferrari,W
687,SoyBison,2020-02-27,16,35,8,Ferrari,W
688,Leahjl,2020-02-27,17,16,3,Ferrari,W
689,timqzhang,2020-02-27,18,38,4,Ferrari,W
690,di-Tong,2020-02-27,19,12,0,Ferrari,W
691,WMhYang,2020-02-27,20,44,5,Ferrari,W
692,PAHADRIANUS,2020-02-27,21,61,1,Ferrari,W
693,ydeng117,2020-02-27,22,27,2,Ferrari,W
694,dongchengecon,2020-02-27,23,16,0,Ferrari,W
695,YuxinNg,2020-02-27,24,38,2,Ferrari,W
696,policyglot,2020-02-27,25,55,7,Ferrari,W
697,sunying2018,2020-02-27,26,25,5,Ferrari,W
698,ShanglunLi,2020-02-27,27,11,0,Ferrari,W
699,MegicLF,2020-02-27,28,17,0,Ferrari,W
700,YanjieZhou,2020-02-27,29,22,1,Ferrari,W
701,ChivLiu,2020-02-27,30,20,4,Ferrari,W
702,yongfeilu,2020-02-27,31,15,0,Ferrari,W
703,RuoyunTan,2020-02-27,32,12,1,Ferrari,W
704,Yilun0221,2020-02-27,33,27,0,Ferrari,W
705,hanjiaxu,2020-02-27,34,13,0,Ferrari,W
706,goldengua,2020-02-27,35,24,0,Ferrari,W
707,JuneZzj,2020-02-27,36,35,1,Ferrari,W
708,SiyuanPengMike,2020-02-27,37,25,0,Ferrari,W
709,Anqi-Zhou,2020-02-27,38,17,0,Ferrari,W
710,HaowenShang,2020-02-27,39,23,0,Ferrari,W
711,yutianlai,2020-02-27,40,14,0,Ferrari,W
712,sanittawan,2020-02-27,41,32,2,Ferrari,W
713,jsgenan,2020-02-27,42,20,0,Ferrari,W
714,chiayunc,2020-02-27,43,20,1,Ferrari,W
715,jtschoi,2020-02-27,44,8,1,Ferrari,W
716,liu431,2020-03-06,0,22,46,Youn,W
717,tonofshell,2020-03-06,1,66,51,Youn,W
718,zeyuxu1997,2020-03-06,2,29,38,Youn,W
719,hesongrun,2020-03-06,3,15,39,Youn,W
720,lyl010,2020-03-06,4,56,46,Youn,W
721,nwrim,2020-03-06,5,161,48,Youn,W
722,rkcatipon,2020-03-06,6,52,34,Youn,W
723,Yilun0221,2020-03-06,7,19,24,Youn,W
724,ShuyanHuang,2020-03-06,8,34,12,Youn,W
725,bakerwho,2020-03-06,9,85,26,Youn,W
726,luxin-tian,2020-03-06,10,27,9,Youn,W
727,tianyueniu,2020-03-06,11,28,5,Youn,W
728,RuoyunTan,2020-03-06,12,31,3,Youn,W
729,dongchengecon,2020-03-06,13,44,2,Youn,W
730,YanjieZhou,2020-03-06,14,29,8,Youn,W
731,Panyw97,2020-03-06,15,16,4,Youn,W
732,timqzhang,2020-03-06,16,41,4,Youn,W
733,WMhYang,2020-03-06,17,52,4,Youn,W
734,linghui-wu,2020-03-06,18,32,3,Youn,W
735,bazirou,2020-03-06,19,1,2,Youn,W
736,bjcliang-uchi,2020-03-06,20,16,2,Youn,W
737,harryxiong13,2020-03-06,21,20,3,Youn,W
738,ChivLiu,2020-03-06,22,38,0,Youn,W
739,hihowme,2020-03-06,23,2,4,Youn,W
740,goldengua,2020-03-06,24,46,4,Youn,W
741,wanitchayap,2020-03-06,25,58,11,Youn,W
742,lulululugagaga,2020-03-06,26,12,3,Youn,W
743,YuxinNg,2020-03-06,27,42,1,Youn,W
744,romanticmonkey,2020-03-06,28,37,2,Youn,W
745,KenChenCompEcon,2020-03-06,29,20,4,Youn,W
746,sunying2018,2020-03-06,30,29,3,Youn,W
747,ydeng117,2020-03-06,31,26,4,Youn,W
748,yutianlai,2020-03-06,32,7,3,Youn,W
749,JuneZzj,2020-03-06,33,19,4,Youn,W
750,ShanglunLi,2020-03-06,34,9,3,Youn,W
751,sanittawan,2020-03-06,35,31,5,Youn,W
752,HaowenShang,2020-03-06,36,48,0,Youn,W
753,vinsonyz,2020-03-06,37,8,1,Youn,W
754,SiyuanPengMike,2020-03-06,38,24,3,Youn,W
755,SoyBison,2020-03-06,39,24,8,Youn,W
756,dhruvalb,2020-03-06,40,42,2,Youn,W
757,chiayunc,2020-03-06,41,30,1,Youn,W
758,di-Tong,2020-03-06,42,28,1,Youn,W
759,chun-hu,2020-03-06,43,19,1,Youn,W
760,PAHADRIANUS,2020-03-06,44,95,1,Youn,W
761,Anqi-Zhou,2020-03-06,45,12,0,Youn,W
762,nt546,2020-03-06,46,13,0,Youn,W
763,policyglot,2020-03-06,47,54,3,Youn,W
764,MegicLF,2020-03-06,48,32,0,Youn,W
765,yongfeilu,2020-03-06,49,12,0,Youn,W
766,bhargavvader,2020-03-06,50,69,3,Youn,W
767,mingtao-gao,2020-03-06,51,26,0,Youn,W
768,wanitchayap,2020-04-09,0,115,62,Bainbridge,S
769,nwrim,2020-04-09,1,134,62,Bainbridge,S
770,WMhYang,2020-04-09,2,59,56,Bainbridge,S
771,bhargavvader,2020-04-09,3,53,60,Bainbridge,S
772,timqzhang,2020-04-09,4,57,49,Bainbridge,S
773,anqi-hu,2020-04-09,5,69,52,Bainbridge,S
774,chiayunc,2020-04-09,6,49,40,Bainbridge,S
775,zeyuxu1997,2020-04-09,7,36,11,Bainbridge,S
776,Yilun0221,2020-04-09,8,22,14,Bainbridge,S
777,AllisonXiong,2020-04-09,9,122,29,Bainbridge,S
778,bjcliang-uchi,2020-04-09,10,37,4,Bainbridge,S
779,lulululugagaga,2020-04-09,11,33,9,Bainbridge,S
780,linghui-wu,2020-04-09,12,40,11,Bainbridge,S
781,ydeng117,2020-04-09,13,28,10,Bainbridge,S
782,hihowme,2020-04-09,14,13,9,Bainbridge,S
783,dhruvalb,2020-04-09,15,22,7,Bainbridge,S
784,tonofshell,2020-04-09,16,19,8,Bainbridge,S
785,hanjiaxu,2020-04-09,17,12,3,Bainbridge,S
786,KenChenCompEcon,2020-04-09,18,25,5,Bainbridge,S
787,bakerwho,2020-04-09,19,53,10,Bainbridge,S
788,YuxinNg,2020-04-09,20,32,3,Bainbridge,S
789,RuoyunTan,2020-04-09,21,29,3,Bainbridge,S
790,skanthan95,2020-04-09,22,83,6,Bainbridge,S
791,PAHADRIANUS,2020-04-09,23,86,1,Bainbridge,S
792,HaowenShang,2020-04-09,24,19,3,Bainbridge,S
793,MegicLF,2020-04-09,25,36,0,Bainbridge,S
794,boyangqu,2020-04-09,26,22,3,Bainbridge,S
795,SoyBison,2020-04-09,27,32,5,Bainbridge,S
796,sunying2018,2020-04-09,28,24,0,Bainbridge,S
797,chun-hu,2020-04-09,29,25,4,Bainbridge,S
798,dongchengecon,2020-04-09,30,32,1,Bainbridge,S
799,SiyuanPengMike,2020-04-09,31,39,1,Bainbridge,S
800,minminfly68,2020-04-09,32,22,0,Bainbridge,S
801,Leahjl,2020-04-09,33,17,0,Bainbridge,S
802,harryxiong13,2020-04-09,34,25,1,Bainbridge,S
803,mingtao-gao,2020-04-09,35,51,0,Bainbridge,S
804,rkcatipon,2020-04-09,36,30,1,Bainbridge,S
805,yutianlai,2020-04-09,37,23,0,Bainbridge,S
806,ShanglunLi,2020-04-09,38,11,0,Bainbridge,S
807,di-Tong,2020-04-09,39,13,0,Bainbridge,S
808,tianyueniu,2020-04-09,40,21,2,Bainbridge,S
809,ShuyanHuang,2020-04-09,41,24,0,Bainbridge,S
810,heathercchen,2020-04-09,42,10,0,Bainbridge,S
811,ChivLiu,2020-04-09,43,28,0,Bainbridge,S
812,liu431,2020-04-09,44,17,6,Bainbridge,S
813,ruixili,2020-04-09,45,15,0,Bainbridge,S
814,fulinguo,2020-04-09,46,22,2,Bainbridge,S
815,TianxinZheng,2020-04-09,47,13,2,Bainbridge,S
816,nt546,2020-04-09,48,3,2,Bainbridge,S
817,Panyw97,2020-04-09,49,23,4,Bainbridge,S
818,caibengbu,2020-04-09,50,23,1,Bainbridge,S
819,SixueLiu96,2020-04-09,51,17,1,Bainbridge,S
820,Anqi-Zhou,2020-04-09,52,9,0,Bainbridge,S
821,keertanavc,2020-04-09,53,22,3,Bainbridge,S
822,weijiexu-charlie,2020-04-09,54,46,0,Bainbridge,S
823,bazirou,2020-04-09,55,23,0,Bainbridge,S
824,Yiqing-Zh,2020-04-09,56,12,0,Bainbridge,S
825,adarshmathew,2020-04-09,57,58,0,Bainbridge,S
826,luyingjiang,2020-04-09,58,26,0,Bainbridge,S
827,lyl010,2020-04-09,59,35,3,Bainbridge,S
828,luxin-tian,2020-04-09,60,15,1,Bainbridge,S
829,jsgenan,2020-04-09,61,13,2,Bainbridge,S
830,JuneZzj,2020-04-09,62,19,1,Bainbridge,S
831,sanittawan,2020-04-09,63,40,1,Bainbridge,S
832,ziwnchen,2020-04-09,64,37,3,Bainbridge,S
833,goldengua,2020-04-09,65,57,0,Bainbridge,S
834,Yawei-Li,2020-04-09,66,17,1,Bainbridge,S
835,cytwill,2020-04-09,67,22,0,Bainbridge,S
836,yalingtsui,2020-04-09,68,11,0,Bainbridge,S
837,wanitchayap,2020-04-30,0,92,62,Munro,S
838,SoyBison,2020-04-30,1,36,49,Munro,S
839,bakerwho,2020-04-30,2,90,60,Munro,S
840,bhargavvader,2020-04-30,3,90,66,Munro,S
841,nwrim,2020-04-30,4,89,60,Munro,S
842,zeyuxu1997,2020-04-30,5,57,41,Munro,S
843,liu431,2020-04-30,6,21,37,Munro,S
844,policyglot,2020-04-30,7,55,26,Munro,S
845,rkcatipon,2020-04-30,8,23,21,Munro,S
846,anqi-hu,2020-04-30,9,50,15,Munro,S
847,di-Tong,2020-04-30,10,13,6,Munro,S
848,linghui-wu,2020-04-30,11,63,13,Munro,S
849,ShuyanHuang,2020-04-30,12,31,5,Munro,S
850,vinsonyz,2020-04-30,13,13,3,Munro,S
851,dongchengecon,2020-04-30,14,42,7,Munro,S
852,YuxinNg,2020-04-30,15,23,7,Munro,S
853,goldengua,2020-04-30,16,32,0,Munro,S
854,anuraag94,2020-04-30,17,55,8,Munro,S
855,SiyuanPengMike,2020-04-30,18,52,0,Munro,S
856,chiayunc,2020-04-30,19,76,5,Munro,S
857,Yilun0221,2020-04-30,20,32,1,Munro,S
858,RuoyunTan,2020-04-30,21,25,6,Munro,S
859,PAHADRIANUS,2020-04-30,22,38,1,Munro,S
860,dhruvalb,2020-04-30,23,59,3,Munro,S
861,tianyueniu,2020-04-30,24,20,5,Munro,S
862,YanjieZhou,2020-04-30,25,18,2,Munro,S
863,ShanglunLi,2020-04-30,26,13,1,Munro,S
864,chun-hu,2020-04-30,27,21,3,Munro,S
865,ZhouXing19,2020-04-30,28,30,1,Munro,S
866,lulululugagaga,2020-04-30,29,19,5,Munro,S
867,Leahjl,2020-04-30,30,14,0,Munro,S
868,romanticmonkey,2020-04-30,31,14,0,Munro,S
869,bjcliang-uchi,2020-04-30,32,8,0,Munro,S
870,WMhYang,2020-04-30,33,22,0,Munro,S
871,minminfly68,2020-04-30,34,19,1,Munro,S
872,MegicLF,2020-04-30,35,42,0,Munro,S
873,hihowme,2020-04-30,36,13,0,Munro,S
874,ydeng117,2020-04-30,37,32,1,Munro,S
875,heathercchen,2020-04-30,38,8,0,Munro,S
876,ruixili,2020-04-30,39,14,0,Munro,S
877,ChivLiu,2020-04-30,40,40,0,Munro,S
878,SixueLiu96,2020-04-30,41,26,0,Munro,S
879,fulinguo,2020-04-30,42,34,0,Munro,S
880,yutianlai,2020-04-30,43,10,0,Munro,S
881,harryxiong13,2020-04-30,44,29,0,Munro,S
882,hanjiaxu,2020-04-30,45,25,0,Munro,S
883,sunying2018,2020-04-30,46,34,0,Munro,S
884,jtschoi,2020-04-30,47,25,4,Munro,S
885,lyl010,2020-04-30,48,31,1,Munro,S
886,nt546,2020-04-30,49,17,1,Munro,S
887,tonofshell,2020-04-30,50,14,0,Munro,S
888,luxin-tian,2020-04-30,51,15,2,Munro,S
889,JuneZzj,2020-04-30,52,23,2,Munro,S
890,sanittawan,2020-04-30,53,43,3,Munro,S
891,yongfeilu,2020-04-30,54,25,2,Munro,S
892,jsgenan,2020-04-30,55,24,2,Munro,S
893,skanthan95,2020-04-30,56,44,2,Munro,S
894,HaowenShang,2020-04-30,57,15,0,Munro,S
895,timqzhang,2020-04-30,58,16,0,Munro,S
896,yalingtsui,2020-04-30,59,8,0,Munro,S
897,luyingjiang,2020-04-30,60,18,1,Munro,S
898,KenChenCompEcon,2020-04-30,61,26,0,Munro,S
899,TianxinZheng,2020-04-30,62,11,0,Munro,S
900,adarshmathew,2020-04-30,63,106,4,Munro,S
901,Yiqing-Zh,2020-04-30,64,12,1,Munro,S
902,ziwnchen,2020-04-30,65,46,0,Munro,S
903,weijiexu-charlie,2020-04-30,66,6,1,Munro,S
904,mingtao-gao,2020-04-30,67,44,0,Munro,S
905,wanitchayap,2020-05-07,0,127,56,State,S
906,bakerwho,2020-05-07,1,56,47,State,S
907,liu431,2020-05-07,2,56,48,State,S
908,rkcatipon,2020-05-07,3,84,54,State,S
909,anqi-hu,2020-05-07,4,47,47,State,S
910,WMhYang,2020-05-07,5,58,37,State,S
911,adarshmathew,2020-05-07,6,218,51,State,S
912,ShuyanHuang,2020-05-07,7,17,16,State,S
913,lulululugagaga,2020-05-07,8,23,11,State,S
914,vinsonyz,2020-05-07,9,14,9,State,S
915,nwrim,2020-05-07,10,31,6,State,S
916,dhruvalb,2020-05-07,11,30,15,State,S
917,bhargavvader,2020-05-07,12,50,22,State,S
918,ydeng117,2020-05-07,13,27,7,State,S
919,zeyuxu1997,2020-05-07,14,33,8,State,S
920,luxin-tian,2020-05-07,15,15,6,State,S
921,dongchengecon,2020-05-07,16,34,7,State,S
922,ziwnchen,2020-05-07,17,50,2,State,S
923,tonofshell,2020-05-07,18,40,14,State,S
924,linghui-wu,2020-05-07,19,20,0,State,S
925,di-Tong,2020-05-07,20,18,7,State,S
926,KenChenCompEcon,2020-05-07,21,26,0,State,S
927,YuxinNg,2020-05-07,22,40,5,State,S
928,YanjieZhou,2020-05-07,23,27,0,State,S
929,chiayunc,2020-05-07,24,23,4,State,S
930,ZhouXing19,2020-05-07,25,0,1,State,S
931,lyl010,2020-05-07,26,54,0,State,S
932,Yilun0221,2020-05-07,27,16,0,State,S
933,hanjiaxu,2020-05-07,28,18,2,State,S
934,SiyuanPengMike,2020-05-07,29,27,0,State,S
935,bjcliang-uchi,2020-05-07,30,23,0,State,S
936,MegicLF,2020-05-07,31,17,0,State,S
937,yutianlai,2020-05-07,32,11,0,State,S
938,HaowenShang,2020-05-07,33,29,1,State,S
939,PAHADRIANUS,2020-05-07,34,62,3,State,S
940,RuoyunTan,2020-05-07,35,44,0,State,S
941,jtschoi,2020-05-07,36,10,2,State,S
942,yongfeilu,2020-05-07,37,17,0,State,S
943,SixueLiu96,2020-05-07,38,23,0,State,S
944,harryxiong13,2020-05-07,39,12,3,State,S
945,tianyueniu,2020-05-07,40,11,2,State,S
946,sanittawan,2020-05-07,41,23,0,State,S
947,fulinguo,2020-05-07,42,28,0,State,S
948,chun-hu,2020-05-07,43,15,1,State,S
949,policyglot,2020-05-07,44,67,4,State,S
950,timqzhang,2020-05-07,45,19,0,State,S
951,keertanavc,2020-05-07,46,18,1,State,S
952,luyingjiang,2020-05-07,47,13,0,State,S
953,jsgenan,2020-05-07,48,17,0,State,S
954,Yiqing-Zh,2020-05-07,49,17,0,State,S
955,weijiexu-charlie,2020-05-07,50,14,0,State,S
956,Panyw97,2020-05-07,51,27,0,State,S
957,JuneZzj,2020-05-07,52,17,0,State,S
958,TianxinZheng,2020-05-07,53,1,0,State,S
959,mingtao-gao,2020-05-07,54,59,0,State,S
960,bhargavvader,2020-05-14,0,131,64,Zheng,S
961,bakerwho,2020-05-14,1,77,53,Zheng,S
962,di-Tong,2020-05-14,2,120,61,Zheng,S
963,wanitchayap,2020-05-14,3,59,56,Zheng,S
964,nwrim,2020-05-14,4,107,58,Zheng,S
965,ChivLiu,2020-05-14,5,45,41,Zheng,S
966,ydeng117,2020-05-14,6,77,29,Zheng,S
967,policyglot,2020-05-14,7,68,35,Zheng,S
968,YuxinNg,2020-05-14,8,52,11,Zheng,S
969,lulululugagaga,2020-05-14,9,37,10,Zheng,S
970,ShuyanHuang,2020-05-14,10,48,9,Zheng,S
971,vinsonyz,2020-05-14,11,13,2,Zheng,S
972,Yilun0221,2020-05-14,12,15,0,Zheng,S
973,SoyBison,2020-05-14,13,108,17,Zheng,S
974,MegicLF,2020-05-14,14,29,0,Zheng,S
975,liu431,2020-05-14,15,33,6,Zheng,S
976,sunying2018,2020-05-14,16,22,0,Zheng,S
977,linghui-wu,2020-05-14,17,42,0,Zheng,S
978,chiayunc,2020-05-14,18,86,12,Zheng,S
979,lyl010,2020-05-14,19,51,1,Zheng,S
980,nt546,2020-05-14,20,16,5,Zheng,S
981,dongchengecon,2020-05-14,21,38,5,Zheng,S
982,RuoyunTan,2020-05-14,22,22,0,Zheng,S
983,tonofshell,2020-05-14,23,39,1,Zheng,S
984,jtschoi,2020-05-14,24,30,5,Zheng,S
985,WMhYang,2020-05-14,25,56,1,Zheng,S
986,fulinguo,2020-05-14,26,37,5,Zheng,S
987,sanittawan,2020-05-14,27,53,7,Zheng,S
988,Yawei-Li,2020-05-14,28,19,0,Zheng,S
989,goldengua,2020-05-14,29,43,3,Zheng,S
990,minminfly68,2020-05-14,30,13,0,Zheng,S
991,tianyueniu,2020-05-14,31,32,2,Zheng,S
992,ruixili,2020-05-14,32,49,0,Zheng,S
993,chun-hu,2020-05-14,33,18,2,Zheng,S
994,zeyuxu1997,2020-05-14,34,45,0,Zheng,S
995,JuneZzj,2020-05-14,35,24,0,Zheng,S
996,boyangqu,2020-05-14,36,42,2,Zheng,S
997,HaowenShang,2020-05-14,37,38,1,Zheng,S
998,TianxinZheng,2020-05-14,38,19,0,Zheng,S
999,SiyuanPengMike,2020-05-14,39,41,0,Zheng,S
1000,romanticmonkey,2020-05-14,40,14,0,Zheng,S
1001,harryxiong13,2020-05-14,41,24,2,Zheng,S
1002,heathercchen,2020-05-14,42,13,0,Zheng,S
1003,YanjieZhou,2020-05-14,43,23,0,Zheng,S
1004,yutianlai,2020-05-14,44,11,0,Zheng,S
1005,jsgenan,2020-05-14,45,29,2,Zheng,S
1006,anqi-hu,2020-05-14,46,36,3,Zheng,S
1007,luyingjiang,2020-05-14,47,35,3,Zheng,S
1008,Leahjl,2020-05-14,48,13,1,Zheng,S
1009,timqzhang,2020-05-14,49,9,0,Zheng,S
1010,yongfeilu,2020-05-14,50,3,0,Zheng,S
1011,Yiqing-Zh,2020-05-14,51,22,0,Zheng,S
1012,KenChenCompEcon,2020-05-14,52,28,0,Zheng,S
1013,PAHADRIANUS,2020-05-14,53,81,2,Zheng,S
1014,mingtao-gao,2020-05-14,54,21,2,Zheng,S
1015,Panyw97,2020-05-14,55,13,0,Zheng,S
1016,ShanglunLi,2020-05-14,56,15,0,Zheng,S
1017,policyglot,2020-05-21,0,117,58,Lewis,S
1018,ChivLiu,2020-05-21,1,81,50,Lewis,S
1019,ydeng117,2020-05-21,2,101,55,Lewis,S
1020,wanitchayap,2020-05-21,3,91,63,Lewis,S
1021,bakerwho,2020-05-21,4,103,55,Lewis,S
1022,luxin-tian,2020-05-21,5,74,48,Lewis,S
1023,hesongrun,2020-05-21,6,41,33,Lewis,S
1024,hihowme,2020-05-21,7,9,18,Lewis,S
1025,bhargavvader,2020-05-21,8,70,29,Lewis,S
1026,Yilun0221,2020-05-21,9,16,14,Lewis,S
1027,linghui-wu,2020-05-21,10,66,20,Lewis,S
1028,di-Tong,2020-05-21,11,27,10,Lewis,S
1029,ShuyanHuang,2020-05-21,12,37,6,Lewis,S
1030,zeyuxu1997,2020-05-21,13,22,0,Lewis,S
1031,lulululugagaga,2020-05-21,14,25,6,Lewis,S
1032,vinsonyz,2020-05-21,15,15,6,Lewis,S
1033,skanthan95,2020-05-21,16,125,10,Lewis,S
1034,dhruvalb,2020-05-21,17,30,13,Lewis,S
1035,rkcatipon,2020-05-21,18,42,9,Lewis,S
1036,YuxinNg,2020-05-21,19,33,8,Lewis,S
1037,liu431,2020-05-21,20,13,0,Lewis,S
1038,chiayunc,2020-05-21,21,32,3,Lewis,S
1039,dongchengecon,2020-05-21,22,18,1,Lewis,S
1040,minminfly68,2020-05-21,23,18,1,Lewis,S
1041,fulinguo,2020-05-21,24,31,1,Lewis,S
1042,jsgenan,2020-05-21,25,55,5,Lewis,S
1043,cytwill,2020-05-21,26,56,2,Lewis,S
1044,YanjieZhou,2020-05-21,27,22,2,Lewis,S
1045,SiyuanPengMike,2020-05-21,28,35,2,Lewis,S
1046,tonofshell,2020-05-21,29,21,2,Lewis,S
1047,yongfeilu,2020-05-21,30,12,0,Lewis,S
1048,anqi-hu,2020-05-21,31,51,1,Lewis,S
1049,Leahjl,2020-05-21,32,17,0,Lewis,S
1050,MegicLF,2020-05-21,33,19,0,Lewis,S
1051,RuoyunTan,2020-05-21,34,34,0,Lewis,S
1052,Anqi-Zhou,2020-05-21,35,23,1,Lewis,S
1053,ruixili,2020-05-21,36,21,0,Lewis,S
1054,Yawei-Li,2020-05-21,37,16,0,Lewis,S
1055,sunying2018,2020-05-21,38,26,0,Lewis,S
1056,SixueLiu96,2020-05-21,39,13,0,Lewis,S
1057,lyl010,2020-05-21,40,12,0,Lewis,S
1058,harryxiong13,2020-05-21,41,24,2,Lewis,S
1059,yutianlai,2020-05-21,42,16,0,Lewis,S
1060,heathercchen,2020-05-21,43,23,0,Lewis,S
1061,nt546,2020-05-21,44,20,0,Lewis,S
1062,sanittawan,2020-05-21,45,43,1,Lewis,S
1063,Panyw97,2020-05-21,46,17,0,Lewis,S
1064,weijiexu-charlie,2020-05-21,47,27,0,Lewis,S
1065,WMhYang,2020-05-21,48,46,0,Lewis,S
1066,hanjiaxu,2020-05-21,49,25,0,Lewis,S
1067,JuneZzj,2020-05-21,50,24,0,Lewis,S
1068,keertanavc,2020-05-21,51,27,1,Lewis,S
1069,jtschoi,2020-05-21,52,43,0,Lewis,S
1070,timqzhang,2020-05-21,53,15,0,Lewis,S
1071,ziwnchen,2020-05-21,54,46,0,Lewis,S
1072,Yiqing-Zh,2020-05-21,55,20,0,Lewis,S
1073,PAHADRIANUS,2020-05-21,56,49,0,Lewis,S
1074,bhargavvader,2020-05-28,0,161,60,Shaw,S
1075,nwrim,2020-05-28,1,113,59,Shaw,S
1076,bakerwho,2020-05-28,2,68,58,Shaw,S
1077,liu431,2020-05-28,3,27,57,Shaw,S
1078,policyglot,2020-05-28,4,35,55,Shaw,S
1079,hesongrun,2020-05-28,5,41,47,Shaw,S
1080,SoyBison,2020-05-28,6,119,43,Shaw,S
1081,vinsonyz,2020-05-28,7,22,9,Shaw,S
1082,PAHADRIANUS,2020-05-28,8,69,15,Shaw,S
1083,goldengua,2020-05-28,9,53,14,Shaw,S
1084,lulululugagaga,2020-05-28,10,22,13,Shaw,S
1085,skanthan95,2020-05-28,11,24,0,Shaw,S
1086,di-Tong,2020-05-28,12,21,18,Shaw,S
1087,hihowme,2020-05-28,13,33,2,Shaw,S
1088,sanittawan,2020-05-28,14,38,6,Shaw,S
1089,bjcliang-uchi,2020-05-28,15,64,12,Shaw,S
1090,ruixili,2020-05-28,16,13,0,Shaw,S
1091,RuoyunTan,2020-05-28,17,10,3,Shaw,S
1092,Yawei-Li,2020-05-28,18,19,0,Shaw,S
1093,KenChenCompEcon,2020-05-28,19,13,3,Shaw,S
1094,heathercchen,2020-05-28,20,23,0,Shaw,S
1095,TianxinZheng,2020-05-28,21,17,0,Shaw,S
1096,minminfly68,2020-05-28,22,15,0,Shaw,S
1097,lyl010,2020-05-28,23,14,0,Shaw,S
1098,ShuyanHuang,2020-05-28,24,29,0,Shaw,S
1099,SixueLiu96,2020-05-28,25,18,1,Shaw,S
1100,jsgenan,2020-05-28,26,37,3,Shaw,S
1101,fulinguo,2020-05-28,27,19,0,Shaw,S
1102,linghui-wu,2020-05-28,28,22,0,Shaw,S
1103,ellenhsieh,2020-05-28,29,26,0,Shaw,S
1104,Yilun0221,2020-05-28,30,28,0,Shaw,S
1105,sunying2018,2020-05-28,31,25,0,Shaw,S
1106,MegicLF,2020-05-28,32,26,0,Shaw,S
1107,SiyuanPengMike,2020-05-28,33,33,3,Shaw,S
1108,YanjieZhou,2020-05-28,34,27,0,Shaw,S
1109,harryxiong13,2020-05-28,35,16,1,Shaw,S
1110,dongchengecon,2020-05-28,36,28,0,Shaw,S
1111,Panyw97,2020-05-28,37,17,0,Shaw,S
1112,tonofshell,2020-05-28,38,22,0,Shaw,S
1113,yutianlai,2020-05-28,39,10,0,Shaw,S
1114,caibengbu,2020-05-28,40,17,0,Shaw,S
1115,adarshmathew,2020-05-28,41,127,5,Shaw,S
1116,boyangqu,2020-05-28,42,14,4,Shaw,S
1117,HaowenShang,2020-05-28,43,19,2,Shaw,S
1118,YuxinNg,2020-05-28,44,15,0,Shaw,S
1119,luxin-tian,2020-05-28,45,13,0,Shaw,S
1120,JuneZzj,2020-05-28,46,29,0,Shaw,S
1121,Anqi-Zhou,2020-05-28,47,14,0,Shaw,S
1122,timqzhang,2020-05-28,48,17,0,Shaw,S
1123,cytwill,2020-05-28,49,14,0,Shaw,S
1124,ChivLiu,2020-05-28,50,26,2,Shaw,S
1125,jtschoi,2020-05-28,51,47,3,Shaw,S
1126,mingtao-gao,2020-05-28,52,34,3,Shaw,S
1127,nt546,2020-05-28,53,8,3,Shaw,S
1128,yalingtsui,2020-05-28,54,11,3,Shaw,S
1129,Leahjl,2020-05-28,55,8,3,Shaw,S
1130,WMhYang,2020-05-28,56,24,0,Shaw,S
1131,romanticmonkey,2020-05-28,57,14,3,Shaw,S
1132,keertanavc,2020-05-28,58,30,0,Shaw,S
1133,ziwnchen,2020-05-28,59,36,0,Shaw,S
1134,ShanglunLi,2020-05-28,60,14,1,Shaw,S
1135,hanjiaxu,2020-05-28,61,15,0,Shaw,S
1136,weijiexu-charlie,2020-05-28,62,4,0,Shaw,S
1137,yongfeilu,2020-05-28,63,13,0,Shaw,S
